GHO (CODE),GHO (DISPLAY),GHO (URL),YEAR (DISPLAY),STARTYEAR,ENDYEAR,REGION (CODE),REGION (DISPLAY),COUNTRY (CODE),COUNTRY (DISPLAY),DIMENSION (TYPE),DIMENSION (CODE),DIMENSION (NAME),Numeric,Value,Low,High
#indicator+code,#indicator+name,#indicator+url,#date+year,#date+year+start,#date+year+end,#region+code,#region+name,#country+code,#country+name,#dimension+type,#dimension+code,#dimension+name,#indicator+value+num,#indicator+value,#indicator+value+low,#indicator+value+high
MH_12,Age-standardized suicide rates (per 100 000 population),https://www.who.int/data/gho/data/indicators/indicator-details/GHO/age-standardized-suicide-rates-%28per-100-000-population%29,2005,2005,2005,SEAR,South-East Asia,LKA,Sri Lanka,SEX,SEX_FMLE,Female,18.3694,18.4 [15.2-37.0],15.2492,37.0341
MH_12,Age-standardized suicide rates (per 100 000 population),https://www.who.int/data/gho/data/indicators/indicator-details/GHO/age-standardized-suicide-rates-%28per-100-000-population%29,2004,2004,2004,SEAR,South-East Asia,LKA,Sri Lanka,SEX,SEX_BTSX,Both sexes,22.084,22.1 [18.2-46.8],18.1512,46.8469
SDGSUICIDE,Crude suicide rates (per 100 000 population),https://www.who.int/data/gho/data/indicators/indicator-details/GHO/crude-suicide-rates-%28per-100-000-population%29,2019,2019,2019,SEAR,South-East Asia,LKA,Sri Lanka,SEX,SEX_MLE,Male,61.63,61.6,,
SDGSUICIDE,Crude suicide rates (per 100 000 population),https://www.who.int/data/gho/data/indicators/indicator-details/GHO/crude-suicide-rates-%28per-100-000-population%29,2019,2019,2019,SEAR,South-East Asia,LKA,Sri Lanka,SEX,SEX_FMLE,Female,6.24,6.2 [4.1-9.1],4.12,9.05
MH_12,Age-standardized suicide rates (per 100 000 population),https://www.who.int/data/gho/data/indicators/indicator-details/GHO/age-standardized-suicide-rates-%28per-100-000-population%29,2006,2006,2006,SEAR,South-East Asia,LKA,Sri Lanka,SEX,SEX_MLE,Male,29.864,29.9 [23.8-50.5],23.7802,50.5238
SDGSUICIDE,Crude suicide rates (per 100 000 population),https://www.who.int/data/gho/data/indicators/indicator-details/GHO/crude-suicide-rates-%28per-100-000-population%29,2018,2018,2018,SEAR,South-East Asia,LKA,Sri Lanka,SEX,SEX_FMLE,Female,6.34,6.3 [4.2-9.2],4.19,9.16
SDGSUICIDE,Crude suicide rates (per 100 000 population),https://www.who.int/data/gho/data/indicators/indicator-details/GHO/crude-suicide-rates-%28per-100-000-population%29,2009,2009,2009,SEAR,South-East Asia,LKA,Sri Lanka,SEX,SEX_BTSX,Both sexes,22.7384,22.7 [18.7-36.0],18.6814,36.022
MH_12,Age-standardized suicide rates (per 100 000 population),https://www.who.int/data/gho/data/indicators/indicator-details/GHO/age-standardized-suicide-rates-%28per-100-000-population%29,2018,2018,2018,SEAR,South-East Asia,LKA,Sri Lanka,SEX,SEX_BTSX,Both sexes,13.2443,13.2 [8.6-21.6],8.59,21.5765
SDGSUICIDE,Crude suicide rates (per 100 000 population),https://www.who.int/data/gho/data/indicators/indicator-details/GHO/crude-suicide-rates-%28per-100-000-population%29,2010,2010,2010,SEAR,South-East Asia,LKA,Sri Lanka,SEX,SEX_MLE,Male,32.9646,33.0 [26.7-46.7],26.7124,46.7156
SDGSUICIDE,Crude suicide rates (per 100 000 population),https://www.who.int/data/gho/data/indicators/indicator-details/GHO/crude-suicide-rates-%28per-100-000-population%29,2004,2004,2004,SEAR,South-East Asia,LKA,Sri Lanka,SEX,SEX_BTSX,Both sexes,21.8459,21.8 [18.1-45.8],18.0699,45.7903
SDGSUICIDE,Crude suicide rates (per 100 000 population),https://www.who.int/data/gho/data/indicators/indicator-details/GHO/crude-suicide-rates-%28per-100-000-population%29,2012,2012,2012,SEAR,South-East Asia,LKA,Sri Lanka,SEX,SEX_MLE,Male,26.6894,26.7 [20.5-38.2],20.5314,38.1869
SDGSUICIDE,Crude suicide rates (per 100 000 population),https://www.who.int/data/gho/data/indicators/indicator-details/GHO/crude-suicide-rates-%28per-100-000-population%29,2019,2019,2019,SEAR,South-East Asia,LKA,Sri Lanka,SEX,SEX_FMLE,Female,5.3,5.3,,
SDGSUICIDE,Crude suicide rates (per 100 000 population),https://www.who.int/data/gho/data/indicators/indicator-details/GHO/crude-suicide-rates-%28per-100-000-population%29,2019,2019,2019,SEAR,South-East Asia,LKA,Sri Lanka,SEX,SEX_MLE,Male,21.35,21.4,,
SDGSUICIDE,Crude suicide rates (per 100 000 population),https://www.who.int/data/gho/data/indicators/indicator-details/GHO/crude-suicide-rates-%28per-100-000-population%29,2017,2017,2017,SEAR,South-East Asia,LKA,Sri Lanka,SEX,SEX_MLE,Male,23.0404,23.0 [15.1-38.7],15.1429,38.656
MH_12,Age-standardized suicide rates (per 100 000 population),https://www.who.int/data/gho/data/indicators/indicator-details/GHO/age-standardized-suicide-rates-%28per-100-000-population%29,2010,2010,2010,SEAR,South-East Asia,LKA,Sri Lanka,SEX,SEX_BTSX,Both sexes,21.8653,21.9 [17.9-29.5],17.9045,29.4572
SDGSUICIDE,Crude suicide rates (per 100 000 population),https://www.who.int/data/gho/data/indicators/indicator-details/GHO/crude-suicide-rates-%28per-100-000-population%29,2019,2019,2019,SEAR,South-East Asia,LKA,Sri Lanka,SEX,SEX_FMLE,Female,10.9,10.9,,
SDGSUICIDE,Crude suicide rates (per 100 000 population),https://www.who.int/data/gho/data/indicators/indicator-details/GHO/crude-suicide-rates-%28per-100-000-population%29,2005,2005,2005,SEAR,South-East Asia,LKA,Sri Lanka,SEX,SEX_BTSX,Both sexes,28.6195,28.6 [23.1-43.2],23.1467,43.2009
SDGSUICIDE,Crude suicide rates (per 100 000 population),https://www.who.int/data/gho/data/indicators/indicator-details/GHO/crude-suicide-rates-%28per-100-000-population%29,2011,2011,2011,SEAR,South-East Asia,LKA,Sri Lanka,SEX,SEX_MLE,Male,29.0993,29.1 [22.7-41.1],22.7069,41.0868
MH_12,Age-standardized suicide rates (per 100 000 population),https://www.who.int/data/gho/data/indicators/indicator-details/GHO/age-standardized-suicide-rates-%28per-100-000-population%29,2010,2010,2010,SEAR,South-East Asia,LKA,Sri Lanka,SEX,SEX_MLE,Male,33.5522,33.6 [27.1-47.4],27.0893,47.4159
MH_12,Age-standardized suicide rates (per 100 000 population),https://www.who.int/data/gho/data/indicators/indicator-details/GHO/age-standardized-suicide-rates-%28per-100-000-population%29,2008,2008,2008,SEAR,South-East Asia,LKA,Sri Lanka,SEX,SEX_FMLE,Female,8.03,8.0 [6.8-16.8],6.77,16.7586
SDGSUICIDE,Crude suicide rates (per 100 000 population),https://www.who.int/data/gho/data/indicators/indicator-details/GHO/crude-suicide-rates-%28per-100-000-population%29,2003,2003,2003,SEAR,South-East Asia,LKA,Sri Lanka,SEX,SEX_FMLE,Female,10.1947,10.2 [8.8-24.4],8.8,24.4114
MH_12,Age-standardized suicide rates (per 100 000 population),https://www.who.int/data/gho/data/indicators/indicator-details/GHO/age-standardized-suicide-rates-%28per-100-000-population%29,2015,2015,2015,SEAR,South-East Asia,LKA,Sri Lanka,SEX,SEX_BTSX,Both sexes,14.6994,14.7 [10.4-23.8],10.4134,23.7508
SDGSUICIDE,Crude suicide rates (per 100 000 population),https://www.who.int/data/gho/data/indicators/indicator-details/GHO/crude-suicide-rates-%28per-100-000-population%29,2019,2019,2019,SEAR,South-East Asia,LKA,Sri Lanka,SEX,SEX_FMLE,Female,15.36,15.4,,
SDGSUICIDE,Crude suicide rates (per 100 000 population),https://www.who.int/data/gho/data/indicators/indicator-details/GHO/crude-suicide-rates-%28per-100-000-population%29,2016,2016,2016,SEAR,South-East Asia,LKA,Sri Lanka,SEX,SEX_MLE,Male,23.6,23.6 [16.0-40.1],15.9577,40.0998
MH_12,Age-standardized suicide rates (per 100 000 population),https://www.who.int/data/gho/data/indicators/indicator-details/GHO/age-standardized-suicide-rates-%28per-100-000-population%29,2003,2003,2003,SEAR,South-East Asia,LKA,Sri Lanka,SEX,SEX_FMLE,Female,9.96,10.0 [8.6-24.9],8.57,24.8809
MH_12,Age-standardized suicide rates (per 100 000 population),https://www.who.int/data/gho/data/indicators/indicator-details/GHO/age-standardized-suicide-rates-%28per-100-000-population%29,2019,2019,2019,SEAR,South-East Asia,LKA,Sri Lanka,SEX,SEX_FMLE,Female,6.1,6.1 [4.1-8.8],4.05,8.79
SDGSUICIDE,Crude suicide rates (per 100 000 population),https://www.who.int/data/gho/data/indicators/indicator-details/GHO/crude-suicide-rates-%28per-100-000-population%29,2019,2019,2019,SEAR,South-East Asia,LKA,Sri Lanka,SEX,SEX_BTSX,Both sexes,13.37,13.4,,
SDGSUICIDE,Crude suicide rates (per 100 000 population),https://www.who.int/data/gho/data/indicators/indicator-details/GHO/crude-suicide-rates-%28per-100-000-population%29,2016,2016,2016,SEAR,South-East Asia,LKA,Sri Lanka,SEX,SEX_FMLE,Female,6.56,6.6 [4.5-9.2],4.54,9.18
SDGSUICIDE,Crude suicide rates (per 100 000 population),https://www.who.int/data/gho/data/indicators/indicator-details/GHO/crude-suicide-rates-%28per-100-000-population%29,2019,2019,2019,SEAR,South-East Asia,LKA,Sri Lanka,SEX,SEX_MLE,Male,22.3334,22.3 [14.2-37.2],14.219,37.2366
SDGSUICIDE,Crude suicide rates (per 100 000 population),https://www.who.int/data/gho/data/indicators/indicator-details/GHO/crude-suicide-rates-%28per-100-000-population%29,2019,2019,2019,SEAR,South-East Asia,LKA,Sri Lanka,SEX,SEX_MLE,Male,21.11,21.1,,
SDGSUICIDE,Crude suicide rates (per 100 000 population),https://www.who.int/data/gho/data/indicators/indicator-details/GHO/crude-suicide-rates-%28per-100-000-population%29,2019,2019,2019,SEAR,South-East Asia,LKA,Sri Lanka,SEX,SEX_BTSX,Both sexes,11.63,11.6,,
SDGSUICIDE,Crude suicide rates (per 100 000 population),https://www.who.int/data/gho/data/indicators/indicator-details/GHO/crude-suicide-rates-%28per-100-000-population%29,2017,2017,2017,SEAR,South-East Asia,LKA,Sri Lanka,SEX,SEX_BTSX,Both sexes,14.4195,14.4 [9.5-23.4],9.52,23.3691
SDGSUICIDE,Crude suicide rates (per 100 000 population),https://www.who.int/data/gho/data/indicators/indicator-details/GHO/crude-suicide-rates-%28per-100-000-population%29,2019,2019,2019,SEAR,South-East Asia,LKA,Sri Lanka,SEX,SEX_FMLE,Female,9.38,9.4,,
MH_12,Age-standardized suicide rates (per 100 000 population),https://www.who.int/data/gho/data/indicators/indicator-details/GHO/age-standardized-suicide-rates-%28per-100-000-population%29,2004,2004,2004,SEAR,South-East Asia,LKA,Sri Lanka,SEX,SEX_FMLE,Female,9.61,9.6 [8.2-30.7],8.24,30.6711
SDGSUICIDE,Crude suicide rates (per 100 000 population),https://www.who.int/data/gho/data/indicators/indicator-details/GHO/crude-suicide-rates-%28per-100-000-population%29,2019,2019,2019,SEAR,South-East Asia,LKA,Sri Lanka,SEX,SEX_BTSX,Both sexes,13.18,13.2,,
MH_25,Stand-alone policy or plan for mental health,https://www.who.int/data/gho/data/indicators/indicator-details/GHO/stand-alone-policy-or-plan-for-mental-health,2014,2014,2014,SEAR,South-East Asia,LKA,Sri Lanka,,,,,Yes,,
SDGSUICIDE,Crude suicide rates (per 100 000 population),https://www.who.int/data/gho/data/indicators/indicator-details/GHO/crude-suicide-rates-%28per-100-000-population%29,2001,2001,2001,SEAR,South-East Asia,LKA,Sri Lanka,SEX,SEX_BTSX,Both sexes,21.8378,21.8 [18.0-37.0],18.0074,36.9679
SDGSUICIDE,Crude suicide rates (per 100 000 population),https://www.who.int/data/gho/data/indicators/indicator-details/GHO/crude-suicide-rates-%28per-100-000-population%29,2005,2005,2005,SEAR,South-East Asia,LKA,Sri Lanka,SEX,SEX_MLE,Male,38.7073,38.7 [30.9-50.2],30.8799,50.1981
MH_12,Age-standardized suicide rates (per 100 000 population),https://www.who.int/data/gho/data/indicators/indicator-details/GHO/age-standardized-suicide-rates-%28per-100-000-population%29,2011,2011,2011,SEAR,South-East Asia,LKA,Sri Lanka,SEX,SEX_BTSX,Both sexes,17.8453,17.8 [14.0-24.4],14.0181,24.4349
SDGSUICIDE,Crude suicide rates (per 100 000 population),https://www.who.int/data/gho/data/indicators/indicator-details/GHO/crude-suicide-rates-%28per-100-000-population%29,2014,2014,2014,SEAR,South-East Asia,LKA,Sri Lanka,SEX,SEX_BTSX,Both sexes,13.0937,13.1 [9.8-22.9],9.75,22.8577
SDGSUICIDE,Crude suicide rates (per 100 000 population),https://www.who.int/data/gho/data/indicators/indicator-details/GHO/crude-suicide-rates-%28per-100-000-population%29,2019,2019,2019,SEAR,South-East Asia,LKA,Sri Lanka,SEX,SEX_MLE,Male,18.91,18.9,,
SDGSUICIDE,Crude suicide rates (per 100 000 population),https://www.who.int/data/gho/data/indicators/indicator-details/GHO/crude-suicide-rates-%28per-100-000-population%29,2014,2014,2014,SEAR,South-East Asia,LKA,Sri Lanka,SEX,SEX_FMLE,Female,5.15,5.2 [3.9-6.7],3.91,6.65
SDGSUICIDE,Crude suicide rates (per 100 000 population),https://www.who.int/data/gho/data/indicators/indicator-details/GHO/crude-suicide-rates-%28per-100-000-population%29,2002,2002,2002,SEAR,South-East Asia,LKA,Sri Lanka,SEX,SEX_MLE,Male,32.3436,32.3 [26.4-47.5],26.3596,47.5297
MH_12,Age-standardized suicide rates (per 100 000 population),https://www.who.int/data/gho/data/indicators/indicator-details/GHO/age-standardized-suicide-rates-%28per-100-000-population%29,2012,2012,2012,SEAR,South-East Asia,LKA,Sri Lanka,SEX,SEX_BTSX,Both sexes,16.4027,16.4 [12.7-22.7],12.705,22.743
MH_12,Age-standardized suicide rates (per 100 000 population),https://www.who.int/data/gho/data/indicators/indicator-details/GHO/age-standardized-suicide-rates-%28per-100-000-population%29,2018,2018,2018,SEAR,South-East Asia,LKA,Sri Lanka,SEX,SEX_FMLE,Female,6.25,6.3 [4.2-9.0],4.15,8.98
MH_12,Age-standardized suicide rates (per 100 000 population),https://www.who.int/data/gho/data/indicators/indicator-details/GHO/age-standardized-suicide-rates-%28per-100-000-population%29,2009,2009,2009,SEAR,South-East Asia,LKA,Sri Lanka,SEX,SEX_FMLE,Female,8.72,8.7 [7.3-10.2],7.33,10.2127
MH_12,Age-standardized suicide rates (per 100 000 population),https://www.who.int/data/gho/data/indicators/indicator-details/GHO/age-standardized-suicide-rates-%28per-100-000-population%29,2002,2002,2002,SEAR,South-East Asia,LKA,Sri Lanka,SEX,SEX_MLE,Male,33.9746,34.0 [27.4-49.5],27.3686,49.4746
SDGSUICIDE,Crude suicide rates (per 100 000 population),https://www.who.int/data/gho/data/indicators/indicator-details/GHO/crude-suicide-rates-%28per-100-000-population%29,2004,2004,2004,SEAR,South-East Asia,LKA,Sri Lanka,SEX,SEX_FMLE,Female,9.76,9.8 [8.4-29.5],8.39,29.5316
SDGSUICIDE,Crude suicide rates (per 100 000 population),https://www.who.int/data/gho/data/indicators/indicator-details/GHO/crude-suicide-rates-%28per-100-000-population%29,2008,2008,2008,SEAR,South-East Asia,LKA,Sri Lanka,SEX,SEX_BTSX,Both sexes,17.4704,17.5 [14.4-30.8],14.419,30.8444
SDGSUICIDE,Crude suicide rates (per 100 000 population),https://www.who.int/data/gho/data/indicators/indicator-details/GHO/crude-suicide-rates-%28per-100-000-population%29,2019,2019,2019,SEAR,South-East Asia,LKA,Sri Lanka,SEX,SEX_BTSX,Both sexes,12.77,12.8,,
SDGSUICIDE,Crude suicide rates (per 100 000 population),https://www.who.int/data/gho/data/indicators/indicator-details/GHO/crude-suicide-rates-%28per-100-000-population%29,2011,2011,2011,SEAR,South-East Asia,LKA,Sri Lanka,SEX,SEX_BTSX,Both sexes,17.9378,17.9 [14.1-24.6],14.0963,24.5926
SDGSUICIDE,Crude suicide rates (per 100 000 population),https://www.who.int/data/gho/data/indicators/indicator-details/GHO/crude-suicide-rates-%28per-100-000-population%29,2008,2008,2008,SEAR,South-East Asia,LKA,Sri Lanka,SEX,SEX_MLE,Male,27.3214,27.3 [22.4-46.0],22.3931,46.0459
MH_12,Age-standardized suicide rates (per 100 000 population),https://www.who.int/data/gho/data/indicators/indicator-details/GHO/age-standardized-suicide-rates-%28per-100-000-population%29,2007,2007,2007,SEAR,South-East Asia,LKA,Sri Lanka,SEX,SEX_FMLE,Female,8.65,8.7 [7.3-18.6],7.31,18.5513
SDGSUICIDE,Crude suicide rates (per 100 000 population),https://www.who.int/data/gho/data/indicators/indicator-details/GHO/crude-suicide-rates-%28per-100-000-population%29,2019,2019,2019,SEAR,South-East Asia,LKA,Sri Lanka,SEX,SEX_MLE,Male,40.83,40.8,,
MH_3,Stand-alone mental health legislation,https://www.who.int/data/gho/data/indicators/indicator-details/GHO/mental-health-care-delivery,2017,2017,2017,SEAR,South-East Asia,LKA,Sri Lanka,,,,,Yes,,
MH_12,Age-standardized suicide rates (per 100 000 population),https://www.who.int/data/gho/data/indicators/indicator-details/GHO/age-standardized-suicide-rates-%28per-100-000-population%29,2007,2007,2007,SEAR,South-East Asia,LKA,Sri Lanka,SEX,SEX_BTSX,Both sexes,20.0794,20.1 [16.5-37.5],16.544,37.4744
SDGSUICIDE,Crude suicide rates (per 100 000 population),https://www.who.int/data/gho/data/indicators/indicator-details/GHO/crude-suicide-rates-%28per-100-000-population%29,2006,2006,2006,SEAR,South-East Asia,LKA,Sri Lanka,SEX,SEX_MLE,Male,28.9217,28.9 [23.2-49.2],23.1833,49.164
MH_12,Age-standardized suicide rates (per 100 000 population),https://www.who.int/data/gho/data/indicators/indicator-details/GHO/age-standardized-suicide-rates-%28per-100-000-population%29,2009,2009,2009,SEAR,South-East Asia,LKA,Sri Lanka,SEX,SEX_MLE,Male,38.0485,38.0 [31.0-63.7],30.9854,63.7269
MH_12,Age-standardized suicide rates (per 100 000 population),https://www.who.int/data/gho/data/indicators/indicator-details/GHO/age-standardized-suicide-rates-%28per-100-000-population%29,2017,2017,2017,SEAR,South-East Asia,LKA,Sri Lanka,SEX,SEX_FMLE,Female,6.4,6.4 [4.3-9.1],4.32,9.11
SDGSUICIDE,Crude suicide rates (per 100 000 population),https://www.who.int/data/gho/data/indicators/indicator-details/GHO/crude-suicide-rates-%28per-100-000-population%29,2015,2015,2015,SEAR,South-East Asia,LKA,Sri Lanka,SEX,SEX_MLE,Male,24.2143,24.2 [17.0-40.9],17.0227,40.8511
SDGSUICIDE,Crude suicide rates (per 100 000 population),https://www.who.int/data/gho/data/indicators/indicator-details/GHO/crude-suicide-rates-%28per-100-000-population%29,2019,2019,2019,SEAR,South-East Asia,LKA,Sri Lanka,SEX,SEX_FMLE,Female,11.33,11.3,,
MH_1,Mental health policy,https://www.who.int/data/gho/data/indicators/indicator-details/GHO/policy-and-financing,2011,2011,2011,SEAR,South-East Asia,LKA,Sri Lanka,,,,,Yes,,
MH_12,Age-standardized suicide rates (per 100 000 population),https://www.who.int/data/gho/data/indicators/indicator-details/GHO/age-standardized-suicide-rates-%28per-100-000-population%29,2017,2017,2017,SEAR,South-East Asia,LKA,Sri Lanka,SEX,SEX_MLE,Male,22.226,22.2 [14.7-37.3],14.6542,37.3191
SDGSUICIDE,Crude suicide rates (per 100 000 population),https://www.who.int/data/gho/data/indicators/indicator-details/GHO/crude-suicide-rates-%28per-100-000-population%29,2019,2019,2019,SEAR,South-East Asia,LKA,Sri Lanka,SEX,SEX_FMLE,Female,12.05,12.1,,
SDGSUICIDE,Crude suicide rates (per 100 000 population),https://www.who.int/data/gho/data/indicators/indicator-details/GHO/crude-suicide-rates-%28per-100-000-population%29,2019,2019,2019,SEAR,South-East Asia,LKA,Sri Lanka,SEX,SEX_BTSX,Both sexes,32.42,32.4,,
SDGSUICIDE,Crude suicide rates (per 100 000 population),https://www.who.int/data/gho/data/indicators/indicator-details/GHO/crude-suicide-rates-%28per-100-000-population%29,2019,2019,2019,SEAR,South-East Asia,LKA,Sri Lanka,SEX,SEX_MLE,Male,81.06,81.1,,
SDGSUICIDE,Crude suicide rates (per 100 000 population),https://www.who.int/data/gho/data/indicators/indicator-details/GHO/crude-suicide-rates-%28per-100-000-population%29,2019,2019,2019,SEAR,South-East Asia,LKA,Sri Lanka,SEX,SEX_BTSX,Both sexes,13.9629,14.0 [9.0-22.6],8.97,22.5786
MH_12,Age-standardized suicide rates (per 100 000 population),https://www.who.int/data/gho/data/indicators/indicator-details/GHO/age-standardized-suicide-rates-%28per-100-000-population%29,2000,2000,2000,SEAR,South-East Asia,LKA,Sri Lanka,SEX,SEX_MLE,Male,41.4644,41.5 [32.9-59.0],32.9405,58.9537
SDGSUICIDE,Crude suicide rates (per 100 000 population),https://www.who.int/data/gho/data/indicators/indicator-details/GHO/crude-suicide-rates-%28per-100-000-population%29,2019,2019,2019,SEAR,South-East Asia,LKA,Sri Lanka,SEX,SEX_FMLE,Female,6.01,6,,
SDGSUICIDE,Crude suicide rates (per 100 000 population),https://www.who.int/data/gho/data/indicators/indicator-details/GHO/crude-suicide-rates-%28per-100-000-population%29,2015,2015,2015,SEAR,South-East Asia,LKA,Sri Lanka,SEX,SEX_BTSX,Both sexes,15.1378,15.1 [10.7-24.4],10.7011,24.3861
SDGSUICIDE,Crude suicide rates (per 100 000 population),https://www.who.int/data/gho/data/indicators/indicator-details/GHO/crude-suicide-rates-%28per-100-000-population%29,2019,2019,2019,SEAR,South-East Asia,LKA,Sri Lanka,SEX,SEX_BTSX,Both sexes,17.14,17.1,,
SDGSUICIDE,Crude suicide rates (per 100 000 population),https://www.who.int/data/gho/data/indicators/indicator-details/GHO/crude-suicide-rates-%28per-100-000-population%29,2007,2007,2007,SEAR,South-East Asia,LKA,Sri Lanka,SEX,SEX_FMLE,Female,8.65,8.7 [7.3-17.9],7.32,17.9169
SDGSUICIDE,Crude suicide rates (per 100 000 population),https://www.who.int/data/gho/data/indicators/indicator-details/GHO/crude-suicide-rates-%28per-100-000-population%29,2000,2000,2000,SEAR,South-East Asia,LKA,Sri Lanka,SEX,SEX_MLE,Male,39.0667,39.1 [31.5-56.3],31.5005,56.2539
SDGSUICIDE,Crude suicide rates (per 100 000 population),https://www.who.int/data/gho/data/indicators/indicator-details/GHO/crude-suicide-rates-%28per-100-000-population%29,2007,2007,2007,SEAR,South-East Asia,LKA,Sri Lanka,SEX,SEX_MLE,Male,31.6928,31.7 [26.0-56.5],26.0343,56.4873
MH_12,Age-standardized suicide rates (per 100 000 population),https://www.who.int/data/gho/data/indicators/indicator-details/GHO/age-standardized-suicide-rates-%28per-100-000-population%29,2001,2001,2001,SEAR,South-East Asia,LKA,Sri Lanka,SEX,SEX_BTSX,Both sexes,22.3786,22.4 [18.3-37.7],18.2581,37.6812
MH_12,Age-standardized suicide rates (per 100 000 population),https://www.who.int/data/gho/data/indicators/indicator-details/GHO/age-standardized-suicide-rates-%28per-100-000-population%29,2014,2014,2014,SEAR,South-East Asia,LKA,Sri Lanka,SEX,SEX_FMLE,Female,5.11,5.1 [3.9-6.6],3.9,6.58
MH_12,Age-standardized suicide rates (per 100 000 population),https://www.who.int/data/gho/data/indicators/indicator-details/GHO/age-standardized-suicide-rates-%28per-100-000-population%29,2012,2012,2012,SEAR,South-East Asia,LKA,Sri Lanka,SEX,SEX_MLE,Male,26.9411,26.9 [20.7-38.5],20.6848,38.461
MH_12,Age-standardized suicide rates (per 100 000 population),https://www.who.int/data/gho/data/indicators/indicator-details/GHO/age-standardized-suicide-rates-%28per-100-000-population%29,2010,2010,2010,SEAR,South-East Asia,LKA,Sri Lanka,SEX,SEX_FMLE,Female,11.5012,11.5 [9.7-13.4],9.74,13.3536
MH_12,Age-standardized suicide rates (per 100 000 population),https://www.who.int/data/gho/data/indicators/indicator-details/GHO/age-standardized-suicide-rates-%28per-100-000-population%29,2005,2005,2005,SEAR,South-East Asia,LKA,Sri Lanka,SEX,SEX_MLE,Male,39.8782,39.9 [31.6-51.6],31.5534,51.6462
SDGSUICIDE,Crude suicide rates (per 100 000 population),https://www.who.int/data/gho/data/indicators/indicator-details/GHO/crude-suicide-rates-%28per-100-000-population%29,2012,2012,2012,SEAR,South-East Asia,LKA,Sri Lanka,SEX,SEX_BTSX,Both sexes,16.5855,16.6 [12.8-23.0],12.8423,23.0348
MH_3,Stand-alone mental health legislation,https://www.who.int/data/gho/data/indicators/indicator-details/GHO/mental-health-care-delivery,2014,2014,2014,SEAR,South-East Asia,LKA,Sri Lanka,,,,,Yes,,
SDGSUICIDE,Crude suicide rates (per 100 000 population),https://www.who.int/data/gho/data/indicators/indicator-details/GHO/crude-suicide-rates-%28per-100-000-population%29,2019,2019,2019,SEAR,South-East Asia,LKA,Sri Lanka,SEX,SEX_BTSX,Both sexes,21.93,21.9,,
MH_12,Age-standardized suicide rates (per 100 000 population),https://www.who.int/data/gho/data/indicators/indicator-details/GHO/age-standardized-suicide-rates-%28per-100-000-population%29,2013,2013,2013,SEAR,South-East Asia,LKA,Sri Lanka,SEX,SEX_BTSX,Both sexes,14.9791,15.0 [11.7-20.7],11.7216,20.6546
SDGSUICIDE,Crude suicide rates (per 100 000 population),https://www.who.int/data/gho/data/indicators/indicator-details/GHO/crude-suicide-rates-%28per-100-000-population%29,2019,2019,2019,SEAR,South-East Asia,LKA,Sri Lanka,SEX,SEX_FMLE,Female,12.45,12.4,,
MH_12,Age-standardized suicide rates (per 100 000 population),https://www.who.int/data/gho/data/indicators/indicator-details/GHO/age-standardized-suicide-rates-%28per-100-000-population%29,2014,2014,2014,SEAR,South-East Asia,LKA,Sri Lanka,SEX,SEX_BTSX,Both sexes,12.7173,12.7 [9.5-22.4],9.47,22.4029
MH_12,Age-standardized suicide rates (per 100 000 population),https://www.who.int/data/gho/data/indicators/indicator-details/GHO/age-standardized-suicide-rates-%28per-100-000-population%29,2001,2001,2001,SEAR,South-East Asia,LKA,Sri Lanka,SEX,SEX_FMLE,Female,9.97,10.0 [8.7-22.1],8.65,22.068
MH_12,Age-standardized suicide rates (per 100 000 population),https://www.who.int/data/gho/data/indicators/indicator-details/GHO/age-standardized-suicide-rates-%28per-100-000-population%29,2016,2016,2016,SEAR,South-East Asia,LKA,Sri Lanka,SEX,SEX_FMLE,Female,6.56,6.6 [4.6-9.1],4.56,9.14
SDGSUICIDE,Crude suicide rates (per 100 000 population),https://www.who.int/data/gho/data/indicators/indicator-details/GHO/crude-suicide-rates-%28per-100-000-population%29,2019,2019,2019,SEAR,South-East Asia,LKA,Sri Lanka,SEX,SEX_BTSX,Both sexes,14.08,14.1,,
MH_12,Age-standardized suicide rates (per 100 000 population),https://www.who.int/data/gho/data/indicators/indicator-details/GHO/age-standardized-suicide-rates-%28per-100-000-population%29,2002,2002,2002,SEAR,South-East Asia,LKA,Sri Lanka,SEX,SEX_FMLE,Female,9.64,9.6 [8.3-18.3],8.32,18.3172
MH_12,Age-standardized suicide rates (per 100 000 population),https://www.who.int/data/gho/data/indicators/indicator-details/GHO/age-standardized-suicide-rates-%28per-100-000-population%29,2007,2007,2007,SEAR,South-East Asia,LKA,Sri Lanka,SEX,SEX_MLE,Male,32.5887,32.6 [26.6-57.7],26.6132,57.74
SDGSUICIDE,Crude suicide rates (per 100 000 population),https://www.who.int/data/gho/data/indicators/indicator-details/GHO/crude-suicide-rates-%28per-100-000-population%29,2001,2001,2001,SEAR,South-East Asia,LKA,Sri Lanka,SEX,SEX_FMLE,Female,10.2498,10.2 [8.9-22.1],8.92,22.1076
MH_12,Age-standardized suicide rates (per 100 000 population),https://www.who.int/data/gho/data/indicators/indicator-details/GHO/age-standardized-suicide-rates-%28per-100-000-population%29,2006,2006,2006,SEAR,South-East Asia,LKA,Sri Lanka,SEX,SEX_BTSX,Both sexes,18.4051,18.4 [14.8-33.8],14.7735,33.7631
SDGSUICIDE,Crude suicide rates (per 100 000 population),https://www.who.int/data/gho/data/indicators/indicator-details/GHO/crude-suicide-rates-%28per-100-000-population%29,2019,2019,2019,SEAR,South-East Asia,LKA,Sri Lanka,SEX,SEX_MLE,Male,88.92,88.9,,
MH_12,Age-standardized suicide rates (per 100 000 population),https://www.who.int/data/gho/data/indicators/indicator-details/GHO/age-standardized-suicide-rates-%28per-100-000-population%29,2012,2012,2012,SEAR,South-East Asia,LKA,Sri Lanka,SEX,SEX_FMLE,Female,7.08,7.1 [5.6-8.8],5.62,8.75
MH_12,Age-standardized suicide rates (per 100 000 population),https://www.who.int/data/gho/data/indicators/indicator-details/GHO/age-standardized-suicide-rates-%28per-100-000-population%29,2015,2015,2015,SEAR,South-East Asia,LKA,Sri Lanka,SEX,SEX_FMLE,Female,6.73,6.7 [4.9-9.1],4.87,9.08
SDGSUICIDE,Crude suicide rates (per 100 000 population),https://www.who.int/data/gho/data/indicators/indicator-details/GHO/crude-suicide-rates-%28per-100-000-population%29,2019,2019,2019,SEAR,South-East Asia,LKA,Sri Lanka,SEX,SEX_MLE,Male,29.65,29.6,,
SDGSUICIDE,Crude suicide rates (per 100 000 population),https://www.who.int/data/gho/data/indicators/indicator-details/GHO/crude-suicide-rates-%28per-100-000-population%29,2009,2009,2009,SEAR,South-East Asia,LKA,Sri Lanka,SEX,SEX_FMLE,Female,8.67,8.7 [7.3-10.2],7.29,10.1574
MH_12,Age-standardized suicide rates (per 100 000 population),https://www.who.int/data/gho/data/indicators/indicator-details/GHO/age-standardized-suicide-rates-%28per-100-000-population%29,2008,2008,2008,SEAR,South-East Asia,LKA,Sri Lanka,SEX,SEX_MLE,Male,27.9531,28.0 [22.8-46.8],22.7999,46.8248
MH_12,Age-standardized suicide rates (per 100 000 population),https://www.who.int/data/gho/data/indicators/indicator-details/GHO/age-standardized-suicide-rates-%28per-100-000-population%29,2011,2011,2011,SEAR,South-East Asia,LKA,Sri Lanka,SEX,SEX_MLE,Male,29.5429,29.5 [23.0-41.6],22.9888,41.6243
SDGSUICIDE,Crude suicide rates (per 100 000 population),https://www.who.int/data/gho/data/indicators/indicator-details/GHO/crude-suicide-rates-%28per-100-000-population%29,2019,2019,2019,SEAR,South-East Asia,LKA,Sri Lanka,SEX,SEX_FMLE,Female,5.34,5.3,,
SDGSUICIDE,Crude suicide rates (per 100 000 population),https://www.who.int/data/gho/data/indicators/indicator-details/GHO/crude-suicide-rates-%28per-100-000-population%29,2002,2002,2002,SEAR,South-East Asia,LKA,Sri Lanka,SEX,SEX_BTSX,Both sexes,21.0389,21.0 [17.4-32.8],17.3973,32.8089
SDGSUICIDE,Crude suicide rates (per 100 000 population),https://www.who.int/data/gho/data/indicators/indicator-details/GHO/crude-suicide-rates-%28per-100-000-population%29,2001,2001,2001,SEAR,South-East Asia,LKA,Sri Lanka,SEX,SEX_MLE,Male,33.528,33.5 [27.2-52.0],27.1783,51.9594
SDGSUICIDE,Crude suicide rates (per 100 000 population),https://www.who.int/data/gho/data/indicators/indicator-details/GHO/crude-suicide-rates-%28per-100-000-population%29,2019,2019,2019,SEAR,South-East Asia,LKA,Sri Lanka,SEX,SEX_BTSX,Both sexes,13.91,13.9,,
MH_12,Age-standardized suicide rates (per 100 000 population),https://www.who.int/data/gho/data/indicators/indicator-details/GHO/age-standardized-suicide-rates-%28per-100-000-population%29,2018,2018,2018,SEAR,South-East Asia,LKA,Sri Lanka,SEX,SEX_MLE,Male,21.503,21.5 [13.8-36.0],13.8342,36.021
MH_12,Age-standardized suicide rates (per 100 000 population),https://www.who.int/data/gho/data/indicators/indicator-details/GHO/age-standardized-suicide-rates-%28per-100-000-population%29,2003,2003,2003,SEAR,South-East Asia,LKA,Sri Lanka,SEX,SEX_MLE,Male,33.2449,33.2 [26.8-52.7],26.7586,52.7174
SDGSUICIDE,Crude suicide rates (per 100 000 population),https://www.who.int/data/gho/data/indicators/indicator-details/GHO/crude-suicide-rates-%28per-100-000-population%29,2013,2013,2013,SEAR,South-East Asia,LKA,Sri Lanka,SEX,SEX_FMLE,Female,6.65,6.7 [5.4-8.1],5.37,8.05
SDGSUICIDE,Crude suicide rates (per 100 000 population),https://www.who.int/data/gho/data/indicators/indicator-details/GHO/crude-suicide-rates-%28per-100-000-population%29,2013,2013,2013,SEAR,South-East Asia,LKA,Sri Lanka,SEX,SEX_MLE,Male,24.4117,24.4 [18.9-35.0],18.9315,34.979
SDGSUICIDE,Crude suicide rates (per 100 000 population),https://www.who.int/data/gho/data/indicators/indicator-details/GHO/crude-suicide-rates-%28per-100-000-population%29,2002,2002,2002,SEAR,South-East Asia,LKA,Sri Lanka,SEX,SEX_FMLE,Female,9.88,9.9 [8.6-18.3],8.55,18.2797
MH_12,Age-standardized suicide rates (per 100 000 population),https://www.who.int/data/gho/data/indicators/indicator-details/GHO/age-standardized-suicide-rates-%28per-100-000-population%29,2000,2000,2000,SEAR,South-East Asia,LKA,Sri Lanka,SEX,SEX_BTSX,Both sexes,27.425,27.4 [22.3-42.1],22.3326,42.0569
SDGSUICIDE,Crude suicide rates (per 100 000 population),https://www.who.int/data/gho/data/indicators/indicator-details/GHO/crude-suicide-rates-%28per-100-000-population%29,2018,2018,2018,SEAR,South-East Asia,LKA,Sri Lanka,SEX,SEX_BTSX,Both sexes,14.1557,14.2 [9.1-22.9],9.14,22.891
SDGSUICIDE,Crude suicide rates (per 100 000 population),https://www.who.int/data/gho/data/indicators/indicator-details/GHO/crude-suicide-rates-%28per-100-000-population%29,2019,2019,2019,SEAR,South-East Asia,LKA,Sri Lanka,SEX,SEX_BTSX,Both sexes,43.44,43.4,,
SDGSUICIDE,Crude suicide rates (per 100 000 population),https://www.who.int/data/gho/data/indicators/indicator-details/GHO/crude-suicide-rates-%28per-100-000-population%29,2003,2003,2003,SEAR,South-East Asia,LKA,Sri Lanka,SEX,SEX_BTSX,Both sexes,20.8593,20.9 [17.2-37.5],17.2211,37.4929
SDGSUICIDE,Crude suicide rates (per 100 000 population),https://www.who.int/data/gho/data/indicators/indicator-details/GHO/crude-suicide-rates-%28per-100-000-population%29,2000,2000,2000,SEAR,South-East Asia,LKA,Sri Lanka,SEX,SEX_FMLE,Female,14.3831,14.4 [12.6-26.2],12.5549,26.2483
MH_12,Age-standardized suicide rates (per 100 000 population),https://www.who.int/data/gho/data/indicators/indicator-details/GHO/age-standardized-suicide-rates-%28per-100-000-population%29,2000,2000,2000,SEAR,South-East Asia,LKA,Sri Lanka,SEX,SEX_FMLE,Female,13.9888,14.0 [12.2-25.9],12.1705,25.9368
SDGSUICIDE,Crude suicide rates (per 100 000 population),https://www.who.int/data/gho/data/indicators/indicator-details/GHO/crude-suicide-rates-%28per-100-000-population%29,2012,2012,2012,SEAR,South-East Asia,LKA,Sri Lanka,SEX,SEX_FMLE,Female,7.08,7.1 [5.6-8.8],5.61,8.78
SDGSUICIDE,Crude suicide rates (per 100 000 population),https://www.who.int/data/gho/data/indicators/indicator-details/GHO/crude-suicide-rates-%28per-100-000-population%29,2009,2009,2009,SEAR,South-East Asia,LKA,Sri Lanka,SEX,SEX_MLE,Male,37.4861,37.5 [30.6-63.1],30.6241,63.1441
SDGSUICIDE,Crude suicide rates (per 100 000 population),https://www.who.int/data/gho/data/indicators/indicator-details/GHO/crude-suicide-rates-%28per-100-000-population%29,2007,2007,2007,SEAR,South-East Asia,LKA,Sri Lanka,SEX,SEX_BTSX,Both sexes,19.9541,20.0 [16.5-36.8],16.4996,36.8406
SDGSUICIDE,Crude suicide rates (per 100 000 population),https://www.who.int/data/gho/data/indicators/indicator-details/GHO/crude-suicide-rates-%28per-100-000-population%29,2018,2018,2018,SEAR,South-East Asia,LKA,Sri Lanka,SEX,SEX_MLE,Male,22.6106,22.6 [14.5-37.7],14.4874,37.7453
MH_12,Age-standardized suicide rates (per 100 000 population),https://www.who.int/data/gho/data/indicators/indicator-details/GHO/age-standardized-suicide-rates-%28per-100-000-population%29,2009,2009,2009,SEAR,South-East Asia,LKA,Sri Lanka,SEX,SEX_BTSX,Both sexes,22.7246,22.7 [18.6-36.1],18.6407,36.1097
SDGSUICIDE,Crude suicide rates (per 100 000 population),https://www.who.int/data/gho/data/indicators/indicator-details/GHO/crude-suicide-rates-%28per-100-000-population%29,2016,2016,2016,SEAR,South-East Asia,LKA,Sri Lanka,SEX,SEX_BTSX,Both sexes,14.7617,14.8 [10.0-24.1],10.0378,24.064
MH_12,Age-standardized suicide rates (per 100 000 population),https://www.who.int/data/gho/data/indicators/indicator-details/GHO/age-standardized-suicide-rates-%28per-100-000-population%29,2017,2017,2017,SEAR,South-East Asia,LKA,Sri Lanka,SEX,SEX_BTSX,Both sexes,13.6742,13.7 [9.1-22.3],9.07,22.279
MH_12,Age-standardized suicide rates (per 100 000 population),https://www.who.int/data/gho/data/indicators/indicator-details/GHO/age-standardized-suicide-rates-%28per-100-000-population%29,2013,2013,2013,SEAR,South-East Asia,LKA,Sri Lanka,SEX,SEX_FMLE,Female,6.72,6.7 [5.4-8.1],5.44,8.1
SDGSUICIDE,Crude suicide rates (per 100 000 population),https://www.who.int/data/gho/data/indicators/indicator-details/GHO/crude-suicide-rates-%28per-100-000-population%29,2006,2006,2006,SEAR,South-East Asia,LKA,Sri Lanka,SEX,SEX_FMLE,Female,7.97,8.0 [6.6-17.6],6.55,17.6174
SDGSUICIDE,Crude suicide rates (per 100 000 population),https://www.who.int/data/gho/data/indicators/indicator-details/GHO/crude-suicide-rates-%28per-100-000-population%29,2006,2006,2006,SEAR,South-East Asia,LKA,Sri Lanka,SEX,SEX_BTSX,Both sexes,18.278,18.3 [14.7-33.1],14.731,33.1349
SDGSUICIDE,Crude suicide rates (per 100 000 population),https://www.who.int/data/gho/data/indicators/indicator-details/GHO/crude-suicide-rates-%28per-100-000-population%29,2010,2010,2010,SEAR,South-East Asia,LKA,Sri Lanka,SEX,SEX_FMLE,Female,11.4154,11.4 [9.7-13.3],9.65,13.2735
MH_12,Age-standardized suicide rates (per 100 000 population),https://www.who.int/data/gho/data/indicators/indicator-details/GHO/age-standardized-suicide-rates-%28per-100-000-population%29,2006,2006,2006,SEAR,South-East Asia,LKA,Sri Lanka,SEX,SEX_FMLE,Female,7.94,7.9 [6.5-18.3],6.51,18.2531
SDGSUICIDE,Crude suicide rates (per 100 000 population),https://www.who.int/data/gho/data/indicators/indicator-details/GHO/crude-suicide-rates-%28per-100-000-population%29,2015,2015,2015,SEAR,South-East Asia,LKA,Sri Lanka,SEX,SEX_FMLE,Female,6.69,6.7 [4.8-9.1],4.82,9.07
MH_12,Age-standardized suicide rates (per 100 000 population),https://www.who.int/data/gho/data/indicators/indicator-details/GHO/age-standardized-suicide-rates-%28per-100-000-population%29,2014,2014,2014,SEAR,South-East Asia,LKA,Sri Lanka,SEX,SEX_MLE,Male,21.4784,21.5 [15.9-39.9],15.8852,39.8613
SDGSUICIDE,Crude suicide rates (per 100 000 population),https://www.who.int/data/gho/data/indicators/indicator-details/GHO/crude-suicide-rates-%28per-100-000-population%29,2008,2008,2008,SEAR,South-East Asia,LKA,Sri Lanka,SEX,SEX_FMLE,Female,8.03,8.0 [6.8-16.3],6.78,16.2759
SDGSUICIDE,Crude suicide rates (per 100 000 population),https://www.who.int/data/gho/data/indicators/indicator-details/GHO/crude-suicide-rates-%28per-100-000-population%29,2019,2019,2019,SEAR,South-East Asia,LKA,Sri Lanka,SEX,SEX_MLE,Male,17.03,17,,
SDGSUICIDE,Crude suicide rates (per 100 000 population),https://www.who.int/data/gho/data/indicators/indicator-details/GHO/crude-suicide-rates-%28per-100-000-population%29,2017,2017,2017,SEAR,South-East Asia,LKA,Sri Lanka,SEX,SEX_FMLE,Female,6.44,6.4 [4.3-9.2],4.32,9.21
MH_12,Age-standardized suicide rates (per 100 000 population),https://www.who.int/data/gho/data/indicators/indicator-details/GHO/age-standardized-suicide-rates-%28per-100-000-population%29,2019,2019,2019,SEAR,South-East Asia,LKA,Sri Lanka,SEX,SEX_MLE,Male,20.9435,20.9 [13.4-35.1],13.3893,35.0701
MH_12,Age-standardized suicide rates (per 100 000 population),https://www.who.int/data/gho/data/indicators/indicator-details/GHO/age-standardized-suicide-rates-%28per-100-000-population%29,2005,2005,2005,SEAR,South-East Asia,LKA,Sri Lanka,SEX,SEX_BTSX,Both sexes,28.5767,28.6 [23.0-43.5],23.0011,43.5149
SDGSUICIDE,Crude suicide rates (per 100 000 population),https://www.who.int/data/gho/data/indicators/indicator-details/GHO/crude-suicide-rates-%28per-100-000-population%29,2011,2011,2011,SEAR,South-East Asia,LKA,Sri Lanka,SEX,SEX_FMLE,Female,7.39,7.4 [6.0-9.0],5.96,9.01
MH_12,Age-standardized suicide rates (per 100 000 population),https://www.who.int/data/gho/data/indicators/indicator-details/GHO/age-standardized-suicide-rates-%28per-100-000-population%29,2002,2002,2002,SEAR,South-East Asia,LKA,Sri Lanka,SEX,SEX_BTSX,Both sexes,21.4607,21.5 [17.6-33.5],17.585,33.4572
SDGSUICIDE,Crude suicide rates (per 100 000 population),https://www.who.int/data/gho/data/indicators/indicator-details/GHO/crude-suicide-rates-%28per-100-000-population%29,2004,2004,2004,SEAR,South-East Asia,LKA,Sri Lanka,SEX,SEX_MLE,Male,34.2041,34.2 [28.0-62.4],27.968,62.4191
MH_12,Age-standardized suicide rates (per 100 000 population),https://www.who.int/data/gho/data/indicators/indicator-details/GHO/age-standardized-suicide-rates-%28per-100-000-population%29,2001,2001,2001,SEAR,South-East Asia,LKA,Sri Lanka,SEX,SEX_MLE,Male,35.4319,35.4 [28.3-54.1],28.3444,54.1002
SDGSUICIDE,Crude suicide rates (per 100 000 population),https://www.who.int/data/gho/data/indicators/indicator-details/GHO/crude-suicide-rates-%28per-100-000-population%29,2013,2013,2013,SEAR,South-East Asia,LKA,Sri Lanka,SEX,SEX_BTSX,Both sexes,15.2416,15.2 [11.9-21.1],11.9293,21.0741
SDGSUICIDE,Crude suicide rates (per 100 000 population),https://www.who.int/data/gho/data/indicators/indicator-details/GHO/crude-suicide-rates-%28per-100-000-population%29,2019,2019,2019,SEAR,South-East Asia,LKA,Sri Lanka,SEX,SEX_MLE,Male,11.94,11.9,,
SDGSUICIDE,Crude suicide rates (per 100 000 population),https://www.who.int/data/gho/data/indicators/indicator-details/GHO/crude-suicide-rates-%28per-100-000-population%29,2014,2014,2014,SEAR,South-East Asia,LKA,Sri Lanka,SEX,SEX_MLE,Male,21.605,21.6 [16.0-40.2],16.008,40.224
MH_12,Age-standardized suicide rates (per 100 000 population),https://www.who.int/data/gho/data/indicators/indicator-details/GHO/age-standardized-suicide-rates-%28per-100-000-population%29,2016,2016,2016,SEAR,South-East Asia,LKA,Sri Lanka,SEX,SEX_MLE,Male,23.0663,23.1 [15.6-39.1],15.6303,39.1311
SDGSUICIDE,Crude suicide rates (per 100 000 population),https://www.who.int/data/gho/data/indicators/indicator-details/GHO/crude-suicide-rates-%28per-100-000-population%29,2003,2003,2003,SEAR,South-East Asia,LKA,Sri Lanka,SEX,SEX_MLE,Male,31.7143,31.7 [25.8-50.8],25.7975,50.8081
MH_12,Age-standardized suicide rates (per 100 000 population),https://www.who.int/data/gho/data/indicators/indicator-details/GHO/age-standardized-suicide-rates-%28per-100-000-population%29,2016,2016,2016,SEAR,South-East Asia,LKA,Sri Lanka,SEX,SEX_BTSX,Both sexes,14.1734,14.2 [9.7-23.2],9.67,23.1901
MH_12,Age-standardized suicide rates (per 100 000 population),https://www.who.int/data/gho/data/indicators/indicator-details/GHO/age-standardized-suicide-rates-%28per-100-000-population%29,2011,2011,2011,SEAR,South-East Asia,LKA,Sri Lanka,SEX,SEX_FMLE,Female,7.45,7.5 [6.0-9.1],6.02,9.06
SDGSUICIDE,Crude suicide rates (per 100 000 population),https://www.who.int/data/gho/data/indicators/indicator-details/GHO/crude-suicide-rates-%28per-100-000-population%29,2010,2010,2010,SEAR,South-East Asia,LKA,Sri Lanka,SEX,SEX_BTSX,Both sexes,21.9086,21.9 [18.0-29.6],17.9601,29.5579
MH_12,Age-standardized suicide rates (per 100 000 population),https://www.who.int/data/gho/data/indicators/indicator-details/GHO/age-standardized-suicide-rates-%28per-100-000-population%29,2008,2008,2008,SEAR,South-East Asia,LKA,Sri Lanka,SEX,SEX_BTSX,Both sexes,17.4714,17.5 [14.4-31.1],14.3836,31.1083
MH_12,Age-standardized suicide rates (per 100 000 population),https://www.who.int/data/gho/data/indicators/indicator-details/GHO/age-standardized-suicide-rates-%28per-100-000-population%29,2004,2004,2004,SEAR,South-East Asia,LKA,Sri Lanka,SEX,SEX_MLE,Male,35.4786,35.5 [28.8-64.2],28.7592,64.2053
SDGSUICIDE,Crude suicide rates (per 100 000 population),https://www.who.int/data/gho/data/indicators/indicator-details/GHO/crude-suicide-rates-%28per-100-000-population%29,2019,2019,2019,SEAR,South-East Asia,LKA,Sri Lanka,SEX,SEX_FMLE,Female,7.34,7.3,,
SDGSUICIDE,Crude suicide rates (per 100 000 population),https://www.who.int/data/gho/data/indicators/indicator-details/GHO/crude-suicide-rates-%28per-100-000-population%29,2019,2019,2019,SEAR,South-East Asia,LKA,Sri Lanka,SEX,SEX_BTSX,Both sexes,38.87,38.9,,
MH_25,Stand-alone policy or plan for mental health,https://www.who.int/data/gho/data/indicators/indicator-details/GHO/stand-alone-policy-or-plan-for-mental-health,2017,2017,2017,SEAR,South-East Asia,LKA,Sri Lanka,,,,,Yes,,
SDGSUICIDE,Crude suicide rates (per 100 000 population),https://www.who.int/data/gho/data/indicators/indicator-details/GHO/crude-suicide-rates-%28per-100-000-population%29,2000,2000,2000,SEAR,South-East Asia,LKA,Sri Lanka,SEX,SEX_BTSX,Both sexes,26.6948,26.7 [22.0-41.2],22.0046,41.2146
SDGSUICIDE,Crude suicide rates (per 100 000 population),https://www.who.int/data/gho/data/indicators/indicator-details/GHO/crude-suicide-rates-%28per-100-000-population%29,2005,2005,2005,SEAR,South-East Asia,LKA,Sri Lanka,SEX,SEX_FMLE,Female,18.8047,18.8 [15.6-36.4],15.6228,36.393
MH_12,Age-standardized suicide rates (per 100 000 population),https://www.who.int/data/gho/data/indicators/indicator-details/GHO/age-standardized-suicide-rates-%28per-100-000-population%29,2019,2019,2019,SEAR,South-East Asia,LKA,Sri Lanka,SEX,SEX_BTSX,Both sexes,12.8878,12.9 [8.3-21.0],8.32,21.0027
MH_12,Age-standardized suicide rates (per 100 000 population),https://www.who.int/data/gho/data/indicators/indicator-details/GHO/age-standardized-suicide-rates-%28per-100-000-population%29,2015,2015,2015,SEAR,South-East Asia,LKA,Sri Lanka,SEX,SEX_MLE,Male,23.9531,24.0 [16.8-40.3],16.8457,40.2983
SDGSUICIDE,Crude suicide rates (per 100 000 population),https://www.who.int/data/gho/data/indicators/indicator-details/GHO/crude-suicide-rates-%28per-100-000-population%29,2019,2019,2019,SEAR,South-East Asia,LKA,Sri Lanka,SEX,SEX_MLE,Male,15.72,15.7,,
MH_12,Age-standardized suicide rates (per 100 000 population),https://www.who.int/data/gho/data/indicators/indicator-details/GHO/age-standardized-suicide-rates-%28per-100-000-population%29,2013,2013,2013,SEAR,South-East Asia,LKA,Sri Lanka,SEX,SEX_MLE,Male,24.505,24.5 [18.9-35.0],18.9429,35.0075
SDGSUICIDE,Crude suicide rates (per 100 000 population),https://www.who.int/data/gho/data/indicators/indicator-details/GHO/crude-suicide-rates-%28per-100-000-population%29,2019,2019,2019,SEAR,South-East Asia,LKA,Sri Lanka,SEX,SEX_FMLE,Female,6.17,6.2,,
MH_12,Age-standardized suicide rates (per 100 000 population),https://www.who.int/data/gho/data/indicators/indicator-details/GHO/age-standardized-suicide-rates-%28per-100-000-population%29,2003,2003,2003,SEAR,South-East Asia,LKA,Sri Lanka,SEX,SEX_BTSX,Both sexes,21.1961,21.2 [17.4-38.3],17.3607,38.2707
